{"train_loss": 0.023310761666351813, "val_loss": 0.10119387869324004, "train_auroc": 0.9983218085306675, "val_auroc": 0.9802891103498391, "_timestamp": 1701739532.6357636, "_runtime": 407.4637806415558, "_step": 49, "_wandb": {"runtime": 406}}