{"train_loss": 0.693154574750544, "val_loss": 0.6931482996259417, "train_auroc": 0.4878490897770356, "val_auroc": 0.5333164642375168, "_timestamp": 1701934581.1579354, "_runtime": 498.10404443740845, "_step": 2, "_wandb": {"runtime": 644}}