{"train_loss": 0.6931471822462676, "val_loss": 0.6931471824645996, "train_auroc": 0.5000430742595144, "val_auroc": 0.5, "_timestamp": 1701974602.3532865, "_runtime": 119.49677062034607, "_step": 9, "_wandb": {"runtime": 129}}