{"train_loss": 0.6931471826829316, "val_loss": 0.6931471824645996, "train_auroc": 0.5016558020137076, "val_auroc": 0.5027947550088239, "_timestamp": 1701918315.925692, "_runtime": 197.21679496765137, "_step": 21, "_wandb": {"runtime": 204}}