{"train_loss": 0.6931475621440035, "val_loss": 0.6931471824645996, "train_auroc": 0.5002176356856984, "val_auroc": 0.5030429253607391, "_timestamp": 1701972780.1374457, "_runtime": 80.7242636680603, "_step": 9, "_wandb": {"runtime": 86}}