{"train_loss": 0.6931475114909721, "val_loss": 0.6931471824645996, "train_auroc": 0.5033619803025711, "val_auroc": 0.5, "_timestamp": 1701972649.0816784, "_runtime": 78.73082327842712, "_step": 9, "_wandb": {"runtime": 84}}