{
    "1": {
        "train_loss": 0.35215809848500695,
        "val_loss": 0.2847174661500113,
        "train_auroc": 0.4926221655203604,
        "val_auroc": 0.5080452610816983
    },
    "2": {
        "train_loss": 0.2591067514085508,
        "val_loss": 0.26874125174113683,
        "train_auroc": 0.5057594330338506,
        "val_auroc": 0.5376975630644659
    },
    "3": {
        "train_loss": 0.2582086113728446,
        "val_loss": 0.26933773436716624,
        "train_auroc": 0.5126140920862027,
        "val_auroc": 0.529452792484169
    },
    "4": {
        "train_loss": 0.25632102645578836,
        "val_loss": 0.26916664647204536,
        "train_auroc": 0.5148644359170018,
        "val_auroc": 0.5342669729056368
    },
    "5": {
        "train_loss": 0.25265016218463143,
        "val_loss": 0.27879943123885564,
        "train_auroc": 0.5587447412766101,
        "val_auroc": 0.592160412124987
    },
    "6": {
        "train_loss": 0.23287730246454805,
        "val_loss": 0.18648299596139362,
        "train_auroc": 0.7146502298888241,
        "val_auroc": 0.9469402055434444
    },
    "7": {
        "train_loss": 0.13337416507494756,
        "val_loss": 0.09834174790552684,
        "train_auroc": 0.9467473667455929,
        "val_auroc": 0.9787708917263572
    },
    "8": {
        "train_loss": 0.10763118552528458,
        "val_loss": 0.1280523208635194,
        "train_auroc": 0.964665724409819,
        "val_auroc": 0.9753419235959722
    },
    "9": {
        "train_loss": 0.09636981805766022,
        "val_loss": 0.09392953493765423,
        "train_auroc": 0.9730241152755724,
        "val_auroc": 0.9829589691684834
    },
    "10": {
        "train_loss": 0.08959655827354818,
        "val_loss": 0.08129202078229615,
        "train_auroc": 0.9765132066239407,
        "val_auroc": 0.9844674556213018
    },
    "11": {
        "train_loss": 0.08807312505790493,
        "val_loss": 0.07795815936156682,
        "train_auroc": 0.9747780746981444,
        "val_auroc": 0.9856612685560054
    },
    "12": {
        "train_loss": 0.08535018957632802,
        "val_loss": 0.09337133618869951,
        "train_auroc": 0.9769638961886429,
        "val_auroc": 0.9849540641544691
    },
    "13": {
        "train_loss": 0.08107662902319387,
        "val_loss": 0.07205188202538661,
        "train_auroc": 0.9790677417404788,
        "val_auroc": 0.9881689245302606
    },
    "14": {
        "train_loss": 0.07690903897850941,
        "val_loss": 0.07851390749482172,
        "train_auroc": 0.9822767104679051,
        "val_auroc": 0.984983260666459
    },
    "15": {
        "train_loss": 0.07481405578021492,
        "val_loss": 0.07187297901670847,
        "train_auroc": 0.9818931383849507,
        "val_auroc": 0.9867999325236168
    },
    "16": {
        "train_loss": 0.07513517227651545,
        "val_loss": 0.1395041930622288,
        "train_auroc": 0.9805953895632978,
        "val_auroc": 0.9855250181667186
    },
    "17": {
        "train_loss": 0.07148368129568113,
        "val_loss": 0.06737676316073962,
        "train_auroc": 0.9829229006883131,
        "val_auroc": 0.9902970258486452
    },
    "18": {
        "train_loss": 0.07019556297037081,
        "val_loss": 0.07974975271416562,
        "train_auroc": 0.9835234215077587,
        "val_auroc": 0.9895573808782311
    },
    "19": {
        "train_loss": 0.06782732137407248,
        "val_loss": 0.06798148827095117,
        "train_auroc": 0.9863445692441748,
        "val_auroc": 0.9911307484688052
    },
    "20": {
        "train_loss": 0.06713068173454577,
        "val_loss": 0.06270510981391583,
        "train_auroc": 0.9853215237775,
        "val_auroc": 0.9902029481988996
    },
    "21": {
        "train_loss": 0.06280840143916153,
        "val_loss": 0.06280454258833612,
        "train_auroc": 0.9864384014172932,
        "val_auroc": 0.9838056680161944
    },
    "22": {
        "train_loss": 0.06070534789409393,
        "val_loss": 0.06840421594679355,
        "train_auroc": 0.9882774153286762,
        "val_auroc": 0.9904008356690542
    },
    "23": {
        "train_loss": 0.05975889445251816,
        "val_loss": 0.06287440303713084,
        "train_auroc": 0.989073945655092,
        "val_auroc": 0.9917081905948303
    },
    "24": {
        "train_loss": 0.05633831780656299,
        "val_loss": 0.05501761126465031,
        "train_auroc": 0.9898914152110297,
        "val_auroc": 0.9917925360739126
    },
    "25": {
        "train_loss": 0.054533845833724455,
        "val_loss": 0.08121721954750163,
        "train_auroc": 0.990079588408531,
        "val_auroc": 0.9853920118343196
    },
    "26": {
        "train_loss": 0.0539893359611077,
        "val_loss": 0.06465064722246357,
        "train_auroc": 0.9906342871716357,
        "val_auroc": 0.9911275044119173
    },
    "27": {
        "train_loss": 0.052856483919743874,
        "val_loss": 0.07364804469315069,
        "train_auroc": 0.9914181216590097,
        "val_auroc": 0.9870529689608636
    },
    "28": {
        "train_loss": 0.050601519511214325,
        "val_loss": 0.09487189264701945,
        "train_auroc": 0.9922780802955083,
        "val_auroc": 0.9878088342157169
    },
    "29": {
        "train_loss": 0.05061895662113587,
        "val_loss": 0.059276438930204935,
        "train_auroc": 0.9920834955720782,
        "val_auroc": 0.99052410983079
    },
    "30": {
        "train_loss": 0.047054196266123116,
        "val_loss": 0.055412587563374215,
        "train_auroc": 0.992969202082545,
        "val_auroc": 0.9894633032284854
    },
    "31": {
        "train_loss": 0.04275854220426208,
        "val_loss": 0.07107117897165673,
        "train_auroc": 0.9944171892399533,
        "val_auroc": 0.9836272448873663
    },
    "32": {
        "train_loss": 0.043844452198601634,
        "val_loss": 0.053555948945826715,
        "train_auroc": 0.9943423372189895,
        "val_auroc": 0.9928338783348906
    },
    "33": {
        "train_loss": 0.04115798708986177,
        "val_loss": 0.05794767083467117,
        "train_auroc": 0.994606023944098,
        "val_auroc": 0.9865339198588187
    },
    "34": {
        "train_loss": 0.039837225378685434,
        "val_loss": 0.06512585710068898,
        "train_auroc": 0.9946367076753293,
        "val_auroc": 0.9892719038721063
    },
    "35": {
        "train_loss": 0.039701492980211264,
        "val_loss": 0.05457205906111215,
        "train_auroc": 0.9934302213279105,
        "val_auroc": 0.9878185663863802
    },
    "36": {
        "train_loss": 0.0376448061337674,
        "val_loss": 0.06039549690405173,
        "train_auroc": 0.9950606316635345,
        "val_auroc": 0.9897779767466002
    },
    "37": {
        "train_loss": 0.03861582664356673,
        "val_loss": 0.05456649404617825,
        "train_auroc": 0.9949982973836701,
        "val_auroc": 0.9882013650991384
    },
    "38": {
        "train_loss": 0.034646474809177735,
        "val_loss": 0.06720404943251716,
        "train_auroc": 0.9959666922245696,
        "val_auroc": 0.9873384459669884
    },
    "39": {
        "train_loss": 0.03704377761427927,
        "val_loss": 0.07163712322445852,
        "train_auroc": 0.9950292355405332,
        "val_auroc": 0.9931096231703519
    },
    "40": {
        "train_loss": 0.03316204373097054,
        "val_loss": 0.05346968746744096,
        "train_auroc": 0.9957904261466505,
        "val_auroc": 0.9883473476590886
    },
    "41": {
        "train_loss": 0.031303295938148006,
        "val_loss": 0.05960512443645192,
        "train_auroc": 0.9963576935359809,
        "val_auroc": 0.9900829180940517
    },
    "42": {
        "train_loss": 0.02970240733649363,
        "val_loss": 0.055680597450451126,
        "train_auroc": 0.9964514239388467,
        "val_auroc": 0.9916043807744213
    },
    "43": {
        "train_loss": 0.030174419211373826,
        "val_loss": 0.0654808822753174,
        "train_auroc": 0.9961407702420523,
        "val_auroc": 0.9858429357417211
    },