{
    "1": {
        "train_loss": 0.6956736847895001,
        "val_loss": 0.6931471824645996,
        "train_auroc": 0.5009495673441241,
        "val_auroc": 0.5
    },
    "2": {
        "train_loss": 0.6931471823552333,
        "val_loss": 0.6931471824645996,
        "train_auroc": 0.500382096414288,
        "val_auroc": 0.5
    },
    "3": {
        "train_loss": 0.6931471823552333,
        "val_loss": 0.6931471824645996,
        "train_auroc": 0.49993837811190533,
        "val_auroc": 0.5
    },
    "4": {
        "train_loss": 0.6931471823552333,
        "val_loss": 0.6931471824645996,
        "train_auroc": 0.5,
        "val_auroc": 0.5
    },
    "5": {
        "train_loss": 0.6931471823552333,
        "val_loss": 0.6931471824645996,
        "train_auroc": 0.49996918905595267,
        "val_auroc": 0.5
    },
    "6": {
        "train_loss": 0.6931471823552333,
        "val_loss": 0.6931471824645996,
        "train_auroc": 0.4998459452797634,
        "val_auroc": 0.5
    },
    "7": {
        "train_loss": 0.6931471823552333,
        "val_loss": 0.6931471824645996,
        "train_auroc": 0.49987675622381067,
        "val_auroc": 0.5
    },
    "8": {
        "train_loss": 0.6931471823552333,
        "val_loss": 0.6931471824645996,
        "train_auroc": 0.5003820709717247,
        "val_auroc": 0.5
    },
    "9": {
        "train_loss": 0.6931471823552333,
        "val_loss": 0.6931471824645996,
        "train_auroc": 0.5,
        "val_auroc": 0.5
    },
    "10": {
        "train_loss": 0.6931471823552333,
        "val_loss": 0.6931471824645996,
        "train_auroc": 0.49996918905595267,
        "val_auroc": 0.5
    },
    "11": {
        "train_loss": 0.6931471823552333,
        "val_loss": 0.6931471824645996,
        "train_auroc": 0.49993837811190533,
        "val_auroc": 0.5
    }
}