{
    "1": {
        "train_loss": 0.7160846300614185,
        "val_loss": 0.6931584920201983,
        "train_auroc": 0.4981236109632615,
        "val_auroc": 0.48682101889338725
    },
    "2": {
        "train_loss": 0.6931602815132001,
        "val_loss": 0.693149163041796,
        "train_auroc": 0.5016471769847796,
        "val_auroc": 0.49485654780442223
    },
    "3": {
        "train_loss": 0.6931524722130744,
        "val_loss": 0.6931477853230068,
        "train_auroc": 0.5042489589411985,
        "val_auroc": 0.5003308938025538
    },
    "4": {
        "train_loss": 0.6931498493903723,
        "val_loss": 0.6931474106652397,
        "train_auroc": 0.4936332020971999,
        "val_auroc": 0.507143413266895
    },
    "5": {
        "train_loss": 0.6931487487785982,
        "val_loss": 0.6931472420692444,
        "train_auroc": 0.5162273431430359,
        "val_auroc": 0.5301340444306032
    },
    "6": {
        "train_loss": 0.6931480721676306,
        "val_loss": 0.6931471994944981,
        "train_auroc": 0.5170675583504832,
        "val_auroc": 0.5027963770372678
    },
    "7": {
        "train_loss": 0.693147782877688,
        "val_loss": 0.6931471994944981,
        "train_auroc": 0.5021231564573124,
        "val_auroc": 0.5300399667808574
    },
    "8": {
        "train_loss": 0.6931476071204021,
        "val_loss": 0.6931471841675895,
        "train_auroc": 0.516251844331407,
        "val_auroc": 0.5025498287137964
    },
    "9": {
        "train_loss": 0.6931474728462024,
        "val_loss": 0.6931471824645996,
        "train_auroc": 0.5028414254592943,
        "val_auroc": 0.5
    },
    "10": {
        "train_loss": 0.6931473925000146,
        "val_loss": 0.6931471824645996,
        "train_auroc": 0.49070789250700236,
        "val_auroc": 0.5
    },
    "11": {
        "train_loss": 0.6931473235070924,
        "val_loss": 0.6931471824645996,
        "train_auroc": 0.504077705048232,
        "val_auroc": 0.5
    },
    "12": {
        "train_loss": 0.6931472800590179,
        "val_loss": 0.6931471824645996,
        "train_auroc": 0.49614863199408427,
        "val_auroc": 0.5
    },
    "13": {
        "train_loss": 0.6931473110621665,
        "val_loss": 0.6931471824645996,
        "train_auroc": 0.49726436471853297,
        "val_auroc": 0.5
    },
    "14": {
        "train_loss": 0.6931473034205454,
        "val_loss": 0.6931471824645996,
        "train_auroc": 0.5006904602803933,
        "val_auroc": 0.5
    },
    "15": {
        "train_loss": 0.6931472595358069,
        "val_loss": 0.6931471824645996,
        "train_auroc": 0.49666875431378654,
        "val_auroc": 0.5
    }
}