{
    "1": {
        "train_loss": 0.7146136520546434,
        "val_loss": 0.693159408228738,
        "train_auroc": 0.5049343815940763,
        "val_auroc": 0.43976921779300326
    },
    "2": {
        "train_loss": 0.6931565895185365,
        "val_loss": 0.6931495376995631,
        "train_auroc": 0.4989457110657035,
        "val_auroc": 0.4492580841897643
    },
    "3": {
        "train_loss": 0.6931500886822795,
        "val_loss": 0.6931480782372611,
        "train_auroc": 0.4902920083687714,
        "val_auroc": 0.45983857572926395
    },
    "4": {
        "train_loss": 0.6931486789123479,
        "val_loss": 0.6931476490838188,
        "train_auroc": 0.5028268214280117,
        "val_auroc": 0.48971633966573236
    },
    "5": {
        "train_loss": 0.6931479754465404,
        "val_loss": 0.6931474958147321,
        "train_auroc": 0.5048703172199134,
        "val_auroc": 0.5002465483234714
    },
    "6": {
        "train_loss": 0.6931477499095512,
        "val_loss": 0.6931473561695644,
        "train_auroc": 0.493759677078917,
        "val_auroc": 0.5
    },
    "7": {
        "train_loss": 0.6931475280842065,
        "val_loss": 0.6931472863469805,
        "train_auroc": 0.49335674320535994,
        "val_auroc": 0.486082995951417
    },
    "8": {
        "train_loss": 0.6931474189181904,
        "val_loss": 0.6931472386632647,
        "train_auroc": 0.49688397295598014,
        "val_auroc": 0.5
    },
    "9": {
        "train_loss": 0.6931473409736549,
        "val_loss": 0.6931471909795489,
        "train_auroc": 0.5002369211486117,
        "val_auroc": 0.5
    },
    "10": {
        "train_loss": 0.6931472975255806,
        "val_loss": 0.6931471926825387,
        "train_auroc": 0.5053908211780639,
        "val_auroc": 0.49226616837952875
    },
    "11": {
        "train_loss": 0.6931472604091351,
        "val_loss": 0.6931471909795489,
        "train_auroc": 0.4990583452930342,
        "val_auroc": 0.46995354510536697
    },
    "12": {
        "train_loss": 0.6931472451258929,
        "val_loss": 0.6931471858705793,
        "train_auroc": 0.5120566709688346,
        "val_auroc": 0.49239593065504
    },
    "13": {
        "train_loss": 0.6931472449075609,
        "val_loss": 0.6931471909795489,
        "train_auroc": 0.5000223894556248,
        "val_auroc": 0.5010186338627634
    },
    "14": {
        "train_loss": 0.6931472708890726,
        "val_loss": 0.6931471926825387,
        "train_auroc": 0.5037474860203293,
        "val_auroc": 0.5080777016505762
    },
    "15": {
        "train_loss": 0.693147232680967,
        "val_loss": 0.693147189276559,
        "train_auroc": 0.5007829439976618,
        "val_auroc": 0.5136574794975605
    },
    "16": {
        "train_loss": 0.6931472248210139,
        "val_loss": 0.6931471994944981,
        "train_auroc": 0.4923848881758639,
        "val_auroc": 0.5
    },
    "17": {
        "train_loss": 0.6931472304976467,
        "val_loss": 0.6931472029004778,
        "train_auroc": 0.49786656474715074,
        "val_auroc": 0.5
    },
    "18": {
        "train_loss": 0.69314725233085,
        "val_loss": 0.6931472029004778,
        "train_auroc": 0.5070562150381017,
        "val_auroc": 0.5
    },
    "19": {
        "train_loss": 0.6931472230743576,
        "val_loss": 0.6931472029004778,
        "train_auroc": 0.4896636533851737,
        "val_auroc": 0.5
    },
    "20": {
        "train_loss": 0.6931472584441468,
        "val_loss": 0.6931472029004778,
        "train_auroc": 0.49369642686677684,
        "val_auroc": 0.5
    },
    "21": {
        "train_loss": 0.693147212157756,
        "val_loss": 0.6931472029004778,
        "train_auroc": 0.499747050036566,
        "val_auroc": 0.5
    },
    "22": {
        "train_loss": 0.6931472182710529,
        "val_loss": 0.6931471858705793,
        "train_auroc": 0.5072265021136664,
        "val_auroc": 0.5
    },
    "23": {
        "train_loss": 0.6931472193627131,
        "val_loss": 0.6931471841675895,
        "train_auroc": 0.5076285200549479,
        "val_auroc": 0.5
    },
    "24": {
        "train_loss": 0.6931472132494162,
        "val_loss": 0.6931471841675895,
        "train_auroc": 0.5032366502361986,
        "val_auroc": 0.5
    },
    "25": {
        "train_loss": 0.6931472047344669,
        "val_loss": 0.6931471841675895,
        "train_auroc": 0.49686743528989363,
        "val_auroc": 0.5
    }
}