{
    "1": {
        "train_loss": 0.30424105184964645,
        "val_loss": 0.28853219811405456,
        "train_auroc": 0.5636838806300067,
        "val_auroc": 0.6496937610297935
    },
    "2": {
        "train_loss": 0.23410885980277707,
        "val_loss": 0.24810995927878787,
        "train_auroc": 0.7057756094155395,
        "val_auroc": 0.7537841923595973
    },
    "3": {
        "train_loss": 0.2147342497312324,
        "val_loss": 0.2312756591609546,
        "train_auroc": 0.7845923450044139,
        "val_auroc": 0.7867584085954531
    },
    "4": {
        "train_loss": 0.19719806081536925,
        "val_loss": 0.26857491114309856,
        "train_auroc": 0.8395242383158081,
        "val_auroc": 0.7876991850929098
    },
    "5": {
        "train_loss": 0.17668588744687946,
        "val_loss": 0.26672950578587395,
        "train_auroc": 0.8765504189168918,
        "val_auroc": 0.7778145437558392
    }
}