{
    "1": {
        "train_loss": 0.286071692439881,
        "valid_loss": 0.2782703638076782,
        "train_accuracy": 0.9193187682779976,
        "valid_accuracy": 0.9302752293577982,
        "train_auroc": 0.5125549890118658,
        "valid_auroc": 0.5929600721478252,
        "train_auprc": 0.0700709984333298,
        "valid_auprc": 0.0934234779128707
    },
    "2": {
        "train_loss": 0.2581809033186008,
        "valid_loss": 0.2667641175644738,
        "train_accuracy": 0.9305579448362865,
        "valid_accuracy": 0.9302752293577982,
        "train_auroc": 0.4927725310689317,
        "valid_auroc": 0.613428449081283,
        "train_auprc": 0.06847121972739825,
        "valid_auprc": 0.10620702406507652
    },
    "3": {
        "train_loss": 0.25614430722627013,
        "valid_loss": 0.26543117931910926,
        "train_accuracy": 0.9305579448362865,
        "valid_accuracy": 0.9302752293577982,
        "train_auroc": 0.5109975733900913,
        "valid_auroc": 0.6317606145541368,
        "train_auprc": 0.07363780519949975,
        "valid_auprc": 0.1222550971733164
    },
    "4": {
        "train_loss": 0.25394730005181315,
        "valid_loss": 0.26420496787343706,
        "train_accuracy": 0.9305579448362865,
        "valid_accuracy": 0.9302752293577982,
        "train_auroc": 0.5325621047879443,
        "valid_auroc": 0.6682400342572408,
        "train_auprc": 0.07620960354526668,
        "valid_auprc": 0.1335102983363881
    }
}