{
    "1": {
        "train_loss": 0.7171452006284338,
        "valid_loss": 0.6931495931413438,
        "train_accuracy": 0.06944205516371352,
        "valid_accuracy": 0.06972477064220184,
        "train_auroc": 0.493883378821244,
        "valid_auroc": 0.49089717637288494,
        "train_auprc": 0.06830620836350174,
        "valid_auprc": 0.08327414600988571
    },
    "2": {
        "train_loss": 0.6931515940784538,
        "valid_loss": 0.693148308330112,
        "train_accuracy": 0.06944205516371352,
        "valid_accuracy": 0.06972477064220184,
        "train_auroc": 0.4996675929116612,
        "valid_auroc": 0.4902775615073186,
        "train_auprc": 0.06856657892524012,
        "valid_auprc": 0.0814678113775374
    },
    "3": {
        "train_loss": 0.6931493395436419,
        "valid_loss": 0.6931475798288981,
        "train_accuracy": 0.07311199036642009,
        "valid_accuracy": 0.06972477064220184,
        "train_auroc": 0.5062204522792161,
        "valid_auroc": 0.4897260718363957,
        "train_auprc": 0.07055708166658273,
        "valid_auprc": 0.07702746487445522
    },
    "4": {
        "train_loss": 0.6931482083606024,
        "valid_loss": 0.6931474109490713,
        "train_accuracy": 0.11118756809450084,
        "valid_accuracy": 0.06972477064220184,
        "train_auroc": 0.4966030361730151,
        "valid_auroc": 0.5283092624312259,
        "train_auprc": 0.06869802738345153,
        "valid_auprc": 0.07940477190183276
    },
    "5": {
        "train_loss": 0.6931478911942809,
        "valid_loss": 0.69314729836252,
        "train_accuracy": 0.20574574230173748,
        "valid_accuracy": 0.06972477064220184,
        "train_auroc": 0.5115176193821039,
        "valid_auroc": 0.5224180551230146,
        "train_auprc": 0.07065115031074905,
        "valid_auprc": 0.07876962964030644
    },
    "6": {
        "train_loss": 0.6931476392885194,
        "valid_loss": 0.69314729836252,
        "train_accuracy": 0.3345948735592637,
        "valid_accuracy": 0.06972477064220184,
        "train_auroc": 0.5083627415440624,
        "valid_auroc": 0.5025530727706842,
        "train_auprc": 0.06977812858988826,
        "valid_auprc": 0.07255552873008209
    },
    "7": {
        "train_loss": 0.6931475675019034,
        "valid_loss": 0.6931471824645996,
        "train_accuracy": 0.43161878548081883,
        "valid_accuracy": 0.06972477064220184,
        "train_auroc": 0.5070159140179771,
        "valid_auroc": 0.5027963770372678,
        "train_auprc": 0.07062102158475345,
        "valid_auprc": 0.07145903750201191
    },
    "8": {
        "train_loss": 0.6931474656954298,
        "valid_loss": 0.6931471824645996,
        "train_accuracy": 0.5180916336945925,
        "valid_accuracy": 0.8454128440366973,
        "train_auroc": 0.5000583397974405,
        "valid_auroc": 0.52741876881553,
        "train_auprc": 0.07193685217253115,
        "valid_auprc": 0.07497943188482685
    },
    "9": {
        "train_loss": 0.6931474374158539,
        "valid_loss": 0.6931471824645996,
        "train_accuracy": 0.5863868341074603,
        "valid_accuracy": 0.9284403669724771,
        "train_auroc": 0.5104247595219811,
        "valid_auroc": 0.5020567320668535,
        "train_auprc": 0.07164543092500668,
        "valid_auprc": 0.07036254627394174
    },
    "10": {
        "train_loss": 0.6931473891230395,
        "valid_loss": 0.6931471824645996,
        "train_accuracy": 0.6425253741613625,
        "valid_accuracy": 0.9293577981651376,
        "train_auroc": 0.4932240347956565,
        "valid_auroc": 0.5025498287137964,
        "train_auprc": 0.06949114868987553,
        "valid_auprc": 0.07091079188797683
    },
    "11": {
        "train_loss": 0.6931473765059979,
        "valid_loss": 0.6931471824645996,
        "train_accuracy": 0.689259705258329,
        "valid_accuracy": 0.9293577981651376,
        "train_auroc": 0.49943858440020783,
        "valid_auroc": 0.5025498287137964,
        "train_auprc": 0.070618469439064,
        "valid_auprc": 0.07091079188797683
    },
    "12": {
        "train_loss": 0.6931473638889564,
        "valid_loss": 0.6931471824645996,
        "train_accuracy": 0.7139744251390562,
        "valid_accuracy": 0.9293577981651376,
        "train_auroc": 0.5080845016727977,
        "valid_auroc": 0.5025498287137964,
        "train_auprc": 0.07095860472072144,
        "valid_auprc": 0.07091079188797683
    },
    "13": {
        "train_loss": 0.6931473512719147,
        "valid_loss": 0.6931471824645996,
        "train_accuracy": 0.7318653592522507,
        "valid_accuracy": 0.9298165137614679,
        "train_auroc": 0.4953443671284526,
        "valid_auroc": 0.5027963770372678,
        "train_auprc": 0.06865648767628268,
        "valid_auprc": 0.07145903750201191
    },
    "14": {
        "train_loss": 0.6931473456159996,
        "valid_loss": 0.6931471824645996,
        "train_accuracy": 0.7326681575778428,
        "valid_accuracy": 0.9298165137614679,
        "train_auroc": 0.4908757879816251,
        "valid_auroc": 0.5027963770372678,
        "train_auprc": 0.06804243660239022,
        "valid_auprc": 0.07145903750201191
    },
    "15": {
        "train_loss": 0.6931473256027612,
        "valid_loss": 0.6931471824645996,
        "train_accuracy": 0.7459716726876541,
        "valid_accuracy": 0.9298165137614679,
        "train_auroc": 0.49934833962850195,
        "valid_auroc": 0.5027963770372678,
        "train_auprc": 0.06945242571297035,
        "valid_auprc": 0.07145903750201191
    },
    "16": {
        "train_loss": 0.6931473260378316,
        "valid_loss": 0.6931471824645996,
        "train_accuracy": 0.7393199151327484,
        "valid_accuracy": 0.9298165137614679,
        "train_auroc": 0.4973606648202829,
        "valid_auroc": 0.5027963770372678,
        "train_auprc": 0.06848356744117301,
        "valid_auprc": 0.07145903750201191
    },
    "17": {
        "train_loss": 0.6931473412652955,
        "valid_loss": 0.6931471824645996,
        "train_accuracy": 0.7455129307873158,
        "valid_accuracy": 0.9298165137614679,
        "train_auroc": 0.501332605133251,
        "valid_auroc": 0.5027963770372678,
        "train_auprc": 0.0698300005114555,
        "valid_auprc": 0.07145903750201191
    },
    "18": {
        "train_loss": 0.6931473338690988,
        "valid_loss": 0.6931471824645996,
        "train_accuracy": 0.7517632891794255,
        "valid_accuracy": 0.9302752293577982,
        "train_auroc": 0.4998113688363609,
        "valid_auroc": 0.5030429253607391,
        "train_auprc": 0.06949586505105314,
        "valid_auprc": 0.07255552873008209
    },
    "19": {
        "train_loss": 0.693147339525014,
        "valid_loss": 0.6931471824645996,
        "train_accuracy": 0.7511325190664603,
        "valid_accuracy": 0.9302752293577982,
        "train_auroc": 0.49945010988134203,
        "valid_auroc": 0.5030429253607391,
        "train_auprc": 0.06962282171274146,
        "valid_auprc": 0.07255552873008209
    },
    "20": {
        "train_loss": 0.6931473373496619,
        "valid_loss": 0.6931471824645996,
        "train_accuracy": 0.7560066517575549,
        "valid_accuracy": 0.9302752293577982,
        "train_auroc": 0.5042028824592253,
        "valid_auroc": 0.5030429253607391,
        "train_auprc": 0.06993565968173643,
        "valid_auprc": 0.07255552873008209
    }
}