{
    "1": {
        "train_loss": 0.29272470291513597,
        "valid_loss": 0.29328710006342995,
        "train_accuracy": 0.9155914903377487,
        "valid_accuracy": 0.9302752293577982,
        "train_auroc": 0.5011240524426184,
        "valid_auroc": 0.5982446408180214,
        "train_auprc": 0.06879847860515965,
        "valid_auprc": 0.10066272788429466
    },
    "2": {
        "train_loss": 0.25678153102197787,
        "valid_loss": 0.27835145675473744,
        "train_accuracy": 0.9305579448362865,
        "valid_accuracy": 0.9302752293577982,
        "train_auroc": 0.5048058712073026,
        "valid_auroc": 0.6143903119485103,
        "train_auprc": 0.06887470199065023,
        "valid_auprc": 0.11115679302806694
    },
    "3": {
        "train_loss": 0.2556877886726908,
        "valid_loss": 0.2770524521668752,
        "train_accuracy": 0.9305579448362865,
        "valid_accuracy": 0.9302752293577982,
        "train_auroc": 0.528445218192369,
        "valid_auroc": 0.619592157168068,
        "train_auprc": 0.07486486708531426,
        "valid_auprc": 0.10699308964443427
    },
    "4": {
        "train_loss": 0.2544083634432215,
        "valid_loss": 0.27556977255476844,
        "train_accuracy": 0.9305579448362865,
        "valid_accuracy": 0.9302752293577982,
        "train_auroc": 0.5273174256929587,
        "valid_auroc": 0.6650349060521126,
        "train_auprc": 0.07534745601317058,
        "valid_auprc": 0.12987706997633372
    }
}