{
    "1": {
        "train_loss": 0.26947265549566285,
        "valid_loss": 0.26136140589203155,
        "train_accuracy": 0.9264292677332416,
        "valid_accuracy": 0.9302752293577982,
        "train_auroc": 0.5389809327325089,
        "valid_auroc": 0.6010053332295235,
        "train_auprc": 0.07939159761498747,
        "valid_auprc": 0.10673393945775539
    },
    "2": {
        "train_loss": 0.19443895094669783,
        "valid_loss": 0.1306673068021025,
        "train_accuracy": 0.9299271747233213,
        "valid_accuracy": 0.9288990825688074,
        "train_auroc": 0.8483932359826233,
        "valid_auroc": 0.9541452558912072,
        "train_auprc": 0.30012379296125324,
        "valid_auprc": 0.46762934948606755
    },
    "3": {
        "train_loss": 0.12823596783664637,
        "valid_loss": 0.1331124395664249,
        "train_accuracy": 0.9389299845174609,
        "valid_accuracy": 0.9422018348623853,
        "train_auroc": 0.9488156690366245,
        "valid_auroc": 0.9762535035814388,
        "train_auprc": 0.5241810635872264,
        "valid_auprc": 0.622671761492277
    },
    "4": {
        "train_loss": 0.11169412890415052,
        "valid_loss": 0.10005304957074779,
        "train_accuracy": 0.9486209071621079,
        "valid_accuracy": 0.9596330275229358,
        "train_auroc": 0.9632854144705492,
        "valid_auroc": 0.9770580296896088,
        "train_auprc": 0.6002606327525479,
        "valid_auprc": 0.6443691217686549
    },
    "5": {
        "train_loss": 0.10826513658349331,
        "valid_loss": 0.09894843591111047,
        "train_accuracy": 0.9517747577269339,
        "valid_accuracy": 0.955045871559633,
        "train_auroc": 0.9655426786785419,
        "valid_auroc": 0.9800036333437143,
        "train_auprc": 0.6185380520779109,
        "valid_auprc": 0.6590218667320131
    },
    "6": {
        "train_loss": 0.108384569499628,
        "valid_loss": 0.09818385711738041,
        "train_accuracy": 0.9488502781122771,
        "valid_accuracy": 0.9637614678899082,
        "train_auroc": 0.965634882527615,
        "valid_auroc": 0.9831503685248625,
        "train_auprc": 0.6120987778033253,
        "valid_auprc": 0.7178658576718131
    },
    "7": {
        "train_loss": 0.09998312753526283,
        "valid_loss": 0.14358466062694789,
        "train_accuracy": 0.954355180916337,
        "valid_accuracy": 0.9486238532110092,
        "train_auroc": 0.9695069353374202,
        "valid_auroc": 0.9819435793626076,
        "train_auprc": 0.6580970496470568,
        "valid_auprc": 0.6874203936453466
    },
    "8": {
        "train_loss": 0.09843135208246254,
        "valid_loss": 0.08975413218140602,
        "train_accuracy": 0.9553873501920982,
        "valid_accuracy": 0.9605504587155963,
        "train_auroc": 0.9703919803412437,
        "valid_auroc": 0.9821220024914358,
        "train_auprc": 0.6647303901157819,
        "valid_auprc": 0.6955232134492688
    },
    "9": {
        "train_loss": 0.09295388156950692,
        "valid_loss": 0.13788769766688347,
        "train_accuracy": 0.9591719708698894,
        "valid_accuracy": 0.944954128440367,
        "train_auroc": 0.9741763580782277,
        "valid_auroc": 0.9835785840340496,
        "train_auprc": 0.7071816514209799,
        "valid_auprc": 0.7143442858478212
    },
    "10": {
        "train_loss": 0.08852252628886219,
        "valid_loss": 0.08726833388209343,
        "train_accuracy": 0.9606628820459889,
        "valid_accuracy": 0.9623853211009175,
        "train_auroc": 0.9768917410793795,
        "valid_auroc": 0.9819338471919444,
        "train_auprc": 0.720134292338407,
        "valid_auprc": 0.7106297625531398
    },
    "11": {
        "train_loss": 0.08800549922517804,
        "valid_loss": 0.08206393915627684,
        "train_accuracy": 0.9614083376340387,
        "valid_accuracy": 0.9706422018348624,
        "train_auroc": 0.9763608565554391,
        "valid_auroc": 0.9858332035710577,
        "train_auprc": 0.7377717101944326,
        "valid_auprc": 0.7696133807877098
    },
    "12": {
        "train_loss": 0.08664887313195418,
        "valid_loss": 0.15556259586342744,
        "train_accuracy": 0.9642754745111531,
        "valid_accuracy": 0.936697247706422,
        "train_auroc": 0.9775343184558114,
        "valid_auroc": 0.9879969895152081,
        "train_auprc": 0.7323789370346325,
        "valid_auprc": 0.8248945704453143
    },
    "13": {
        "train_loss": 0.08249027495555607,
        "valid_loss": 0.07783221328364952,
        "train_accuracy": 0.965823728424795,
        "valid_accuracy": 0.9724770642201835,
        "train_auroc": 0.9798133106127852,
        "valid_auroc": 0.9895314284231289,
        "train_auprc": 0.7751374022237556,
        "valid_auprc": 0.8506412338641461
    },
    "14": {
        "train_loss": 0.07855651846953801,
        "valid_loss": 0.10392710364290646,
        "train_accuracy": 0.9664544985377602,
        "valid_accuracy": 0.9431192660550459,
        "train_auroc": 0.9817694875277503,
        "valid_auroc": 0.985161683795287,
        "train_auprc": 0.7897596083520327,
        "valid_auprc": 0.8038337228939512
    },
    "15": {
        "train_loss": 0.07392027958436108,
        "valid_loss": 0.13807613254923906,
        "train_accuracy": 0.9683468088766558,
        "valid_accuracy": 0.9463302752293578,
        "train_auroc": 0.9834839092070937,
        "valid_auroc": 0.9884933302190387,
        "train_auprc": 0.8304342619974691,
        "valid_auprc": 0.8762411864030495
    },
    "16": {
        "train_loss": 0.07347048717745386,
        "valid_loss": 0.08272975864820183,
        "train_accuracy": 0.971156603016228,
        "valid_accuracy": 0.9715596330275229,
        "train_auroc": 0.9824564367344205,
        "valid_auroc": 0.9853011782414617,
        "train_auprc": 0.823496978037491,
        "valid_auprc": 0.8688888302166468
    },
    "17": {
        "train_loss": 0.06801567187246221,
        "valid_loss": 0.06649197382586343,
        "train_accuracy": 0.9731635988302082,
        "valid_accuracy": 0.9756880733944954,
        "train_auroc": 0.9863669586997994,
        "valid_auroc": 0.9890123793210838,
        "train_auprc": 0.843139010517049,
        "valid_auprc": 0.8977743793017738
    },
    "18": {
        "train_loss": 0.06793556165550546,
        "valid_loss": 0.07208865258310522,
        "train_accuracy": 0.9738517116807156,
        "valid_accuracy": 0.9747706422018348,
        "train_auroc": 0.9851993231464025,
        "valid_auroc": 0.9904267881241565,
        "train_auprc": 0.8510682642168248,
        "valid_auprc": 0.890663043501214
    },
    "19": {
        "train_loss": 0.06360800351415362,
        "valid_loss": 0.08981430482651506,
        "train_accuracy": 0.9745971672687654,
        "valid_accuracy": 0.9743119266055046,
        "train_auroc": 0.9870379808619002,
        "valid_auroc": 0.9905760147409944,
        "train_auprc": 0.8590625229049793,
        "valid_auprc": 0.9037725097350288
    },
    "20": {
        "train_loss": 0.06246542685491207,
        "valid_loss": 0.12380662658917052,
        "train_accuracy": 0.9765468203452032,
        "valid_accuracy": 0.9596330275229358,
        "train_auroc": 0.9869951864705809,
        "valid_auroc": 0.9901477992318073,
        "train_auprc": 0.86993530370464,
        "valid_auprc": 0.9196400983021621
    },
    "21": {
        "train_loss": 0.06131947426391499,
        "valid_loss": 0.060235753089987805,
        "train_accuracy": 0.9771775904581684,
        "valid_accuracy": 0.9811926605504587,
        "train_auroc": 0.9862097491017249,
        "valid_auroc": 0.9917438752205958,
        "train_auprc": 0.8851569563809963,
        "valid_auprc": 0.9161206735573841
    },
    "22": {
        "train_loss": 0.0575828250555574,
        "valid_loss": 0.09910294970364443,
        "train_accuracy": 0.978267102471472,
        "valid_accuracy": 0.9715596330275229,
        "train_auroc": 0.9888742215338936,
        "valid_auroc": 0.9924089068825911,