{
    "1": {
        "train_loss": 0.24959040253701872,
        "valid_loss": 0.237960455318292,
        "train_accuracy": 0.9227019897929927,
        "valid_accuracy": 0.9302752293577982,
        "train_auroc": 0.7174161672630742,
        "valid_auroc": 0.9286988736634486,
        "train_auprc": 0.11985354457870094,
        "valid_auprc": 0.3833517307133714
    },
    "2": {
        "train_loss": 0.1595356780899702,
        "valid_loss": 0.12425634885827701,
        "train_accuracy": 0.9310166867366249,
        "valid_accuracy": 0.95,
        "train_auroc": 0.9136378397676217,
        "valid_auroc": 0.9684839873352019,
        "train_auprc": 0.41385538627462615,
        "valid_auprc": 0.5578715926058018
    },
    "3": {
        "train_loss": 0.12127793150661635,
        "valid_loss": 0.1279382954041163,
        "train_accuracy": 0.9421411778198291,
        "valid_accuracy": 0.9486238532110092,
        "train_auroc": 0.9573054961839208,
        "valid_auroc": 0.9725617668431433,
        "train_auprc": 0.5620122649013145,
        "valid_auprc": 0.6110757627221826
    },
    "4": {
        "train_loss": 0.1082189642980586,
        "valid_loss": 0.10191108224292596,
        "train_accuracy": 0.9497104191754114,
        "valid_accuracy": 0.9513761467889909,
        "train_auroc": 0.9659493017237641,
        "valid_auroc": 0.9791147617564622,
        "train_auprc": 0.6123726712858858,
        "valid_auprc": 0.6662852907808713
    }
}