{
    "1": {
        "train_loss": 0.28103095516835375,
        "valid_loss": 0.26905240969998495,
        "train_accuracy": 0.9209243649291817,
        "valid_accuracy": 0.9302752293577982,
        "train_auroc": 0.509482595963751,
        "valid_auroc": 0.6167244108792692,
        "train_auprc": 0.0701987626774158,
        "valid_auprc": 0.1012933697453357
    },
    "2": {
        "train_loss": 0.2567021478063021,
        "valid_loss": 0.2639419510960579,
        "train_accuracy": 0.9305579448362865,
        "valid_accuracy": 0.9302752293577982,
        "train_auroc": 0.5069896827353075,
        "valid_auroc": 0.6232303669677152,
        "train_auprc": 0.07127964447727034,
        "valid_auprc": 0.11507004197419014
    },
    "3": {
        "train_loss": 0.25736470897119124,
        "valid_loss": 0.2631795061486108,
        "train_accuracy": 0.9305579448362865,
        "valid_accuracy": 0.9302752293577982,
        "train_auroc": 0.4995963791772363,
        "valid_auroc": 0.6467870860583411,
        "train_auprc": 0.06984119481232985,
        "valid_auprc": 0.1234204495408173
    },
    "4": {
        "train_loss": 0.251970985242517,
        "valid_loss": 0.26564121884959085,
        "train_accuracy": 0.9305579448362865,
        "valid_accuracy": 0.9302752293577982,
        "train_auroc": 0.5562822319112026,
        "valid_auroc": 0.7166673154780443,
        "train_auprc": 0.0830085205178025,
        "valid_auprc": 0.15392661581230227
    }
}