{"train_loss": 0.6931479306884738, "val_loss": 0.6931472029004778, "train_auroc": 0.5136718412090958, "val_auroc": 0.4995069033530572, "_timestamp": 1701933455.5798924, "_runtime": 1598.2013893127441, "_step": 9, "_wandb": {"runtime": 1779}}