{"train_loss": 0.6931471822462676, "val_loss": 0.6931471824645996, "train_auroc": 0.5000430742595144, "val_auroc": 0.5, "_timestamp": 1701975248.3210993, "_runtime": 119.0156602859497, "_step": 9, "_wandb": {"runtime": 128}}