{"train_loss": 0.7346991994878748, "val_loss": 0.6931699923106602, "train_auroc": 0.4939867519555663, "val_auroc": 0.5174368057718259, "_timestamp": 1701966741.3323267, "_runtime": 274.63995575904846, "_step": 0, "_wandb": {"runtime": 337}}