{"train_loss": 0.6931471823552333, "val_loss": 0.6931471824645996, "train_auroc": 0.49996918905595267, "val_auroc": 0.5, "_timestamp": 1701975453.4867003, "_runtime": 129.5798692703247, "_step": 9, "_wandb": {"runtime": 140}}