{"train_loss": 0.6931471903245527, "val_loss": 0.6931471824645996, "train_auroc": 0.507503520741897, "val_auroc": 0.5, "_timestamp": 1701973038.9393728, "_runtime": 87.84984087944031, "_step": 9, "_wandb": {"runtime": 94}}