{"train_loss": 0.6931471822462676, "val_loss": 0.6931471824645996, "train_auroc": 0.5, "val_auroc": 0.5, "_timestamp": 1701974357.625089, "_runtime": 117.74253797531128, "_step": 9, "_wandb": {"runtime": 127}}