{"train_loss": 0.6931472132494162, "val_loss": 0.6931471841675895, "train_auroc": 0.5032366502361986, "val_auroc": 0.5, "_timestamp": 1701954719.6670835, "_runtime": 6717.2683045864105, "_step": 23, "_wandb": {"runtime": 6994}}