{"train_loss": 0.6931477221813831, "val_loss": 0.6931471824645996, "train_auroc": 0.49763463034092836, "val_auroc": 0.4997534516765286, "_timestamp": 1701973731.6999056, "_runtime": 90.53758454322815, "_step": 10, "_wandb": {"runtime": 96}}