{"train_loss": 0.6931473034205454, "val_loss": 0.6931471824645996, "train_auroc": 0.5006904602803933, "val_auroc": 0.5, "_timestamp": 1701923018.9055934, "_runtime": 2586.341843366623, "_step": 13, "_wandb": {"runtime": 2772}}