{"train_loss": 0.6931471824645996, "val_loss": 0.6931471824645996, "train_auroc": 0.5000246029586242, "val_auroc": 0.5, "_timestamp": 1701973975.255145, "_runtime": 142.29212713241577, "_step": 11, "_wandb": {"runtime": 152}}