{"train_loss": 0.6931471931628692, "val_loss": 0.6931471824645996, "train_auroc": 0.5024988413456715, "val_auroc": 0.5, "_timestamp": 1701971842.5831418, "_runtime": 117.586660861969, "_step": 12, "_wandb": {"runtime": 124}}